{
  "action": "opened",
  "number": 4,
  "organization": {
    "avatar_url": "https://avatars.githubusercontent.com/u/91919744?v=4",
    "description": null,
    "events_url": "https://api.github.com/orgs/ForgeForce/events",
    "hooks_url": "https://api.github.com/orgs/ForgeForce/hooks",
    "id": 91919744,
    "issues_url": "https://api.github.com/orgs/ForgeForce/issues",
    "login": "ForgeForce",
    "members_url": "https://api.github.com/orgs/ForgeForce/members{/member}",
    "node_id": "O_kgDOBXqVgA",
    "public_members_url": "https://api.github.com/orgs/ForgeForce/public_members{/member}",
    "repos_url": "https://api.github.com/orgs/ForgeForce/repos",
    "url": "https://api.github.com/orgs/ForgeForce"
  },
  "pull_request": {
    "_links": {
      "comments": {
        "href": "https://api.github.com/repos/ForgeForce/NeoDocumentation/issues/4/comments"
      },
      "commits": {
        "href": "https://api.github.com/repos/ForgeForce/NeoDocumentation/pulls/4/commits"
      },
      "html": {
        "href": "https://github.com/ForgeForce/NeoDocumentation/pull/4"
      },
      "issue": {
        "href": "https://api.github.com/repos/ForgeForce/NeoDocumentation/issues/4"
      },
      "review_comment": {
        "href": "https://api.github.com/repos/ForgeForce/NeoDocumentation/pulls/comments{/number}"
      },
      "review_comments": {
        "href": "https://api.github.com/repos/ForgeForce/NeoDocumentation/pulls/4/comments"
      },
      "self": {
        "href": "https://api.github.com/repos/ForgeForce/NeoDocumentation/pulls/4"
      },
      "statuses": {
        "href": "https://api.github.com/repos/ForgeForce/NeoDocumentation/statuses/bfa494b18ae5fe46c1e460ea16e1cc64d23297b9"
      }
    },
    "active_lock_reason": null,
    "additions": 6,
    "assignee": null,
    "assignees": [],
    "author_association": "MEMBER",
    "auto_merge": null,
    "base": {
      "label": "ForgeForce:main",
      "ref": "main",
      "repo": {
        "allow_auto_merge": false,
        "allow_forking": true,
        "allow_merge_commit": true,
        "allow_rebase_merge": true,
        "allow_squash_merge": true,
        "allow_update_branch": false,
        "archive_url": "https://api.github.com/repos/ForgeForce/NeoDocumentation/{archive_format}{/ref}",
        "archived": false,
        "assignees_url": "https://api.github.com/repos/ForgeForce/NeoDocumentation/assignees{/user}",
        "blobs_url": "https://api.github.com/repos/ForgeForce/NeoDocumentation/git/blobs{/sha}",
        "branches_url": "https://api.github.com/repos/ForgeForce/NeoDocumentation/branches{/branch}",
        "clone_url": "https://github.com/ForgeForce/NeoDocumentation.git",
        "collaborators_url": "https://api.github.com/repos/ForgeForce/NeoDocumentation/collaborators{/collaborator}",
        "comments_url": "https://api.github.com/repos/ForgeForce/NeoDocumentation/comments{/number}",
        "commits_url": "https://api.github.com/repos/ForgeForce/NeoDocumentation/commits{/sha}",
        "compare_url": "https://api.github.com/repos/ForgeForce/NeoDocumentation/compare/{base}...{head}",
        "contents_url": "https://api.github.com/repos/ForgeForce/NeoDocumentation/contents/{+path}",
        "contributors_url": "https://api.github.com/repos/ForgeForce/NeoDocumentation/contributors",
        "created_at": "2023-07-27T16:06:02Z",
        "default_branch": "main",
        "delete_branch_on_merge": false,
        "deployments_url": "https://api.github.com/repos/ForgeForce/NeoDocumentation/deployments",
        "description": "The repository containing Neo's documentation",
        "disabled": false,
        "downloads_url": "https://api.github.com/repos/ForgeForce/NeoDocumentation/downloads",
        "events_url": "https://api.github.com/repos/ForgeForce/NeoDocumentation/events",
        "fork": true,
        "forks": 0,
        "forks_count": 0,
        "forks_url": "https://api.github.com/repos/ForgeForce/NeoDocumentation/forks",
        "full_name": "ForgeForce/NeoDocumentation",
        "git_commits_url": "https://api.github.com/repos/ForgeForce/NeoDocumentation/git/commits{/sha}",
        "git_refs_url": "https://api.github.com/repos/ForgeForce/NeoDocumentation/git/refs{/sha}",
        "git_tags_url": "https://api.github.com/repos/ForgeForce/NeoDocumentation/git/tags{/sha}",
        "git_url": "git://github.com/ForgeForce/NeoDocumentation.git",
        "has_discussions": false,
        "has_downloads": true,
        "has_issues": false,
        "has_pages": false,
        "has_projects": true,
        "has_wiki": false,
        "homepage": null,
        "hooks_url": "https://api.github.com/repos/ForgeForce/NeoDocumentation/hooks",
        "html_url": "https://github.com/ForgeForce/NeoDocumentation",
        "id": 671569089,
        "is_template": false,
        "issue_comment_url": "https://api.github.com/repos/ForgeForce/NeoDocumentation/issues/comments{/number}",
        "issue_events_url": "https://api.github.com/repos/ForgeForce/NeoDocumentation/issues/events{/number}",
        "issues_url": "https://api.github.com/repos/ForgeForce/NeoDocumentation/issues{/number}",
        "keys_url": "https://api.github.com/repos/ForgeForce/NeoDocumentation/keys{/key_id}",
        "labels_url": "https://api.github.com/repos/ForgeForce/NeoDocumentation/labels{/name}",
        "language": "JavaScript",
        "languages_url": "https://api.github.com/repos/ForgeForce/NeoDocumentation/languages",
        "license": {
          "key": "mit",
          "name": "MIT License",
          "node_id": "MDc6TGljZW5zZTEz",
          "spdx_id": "MIT",
          "url": "https://api.github.com/licenses/mit"
        },
        "merge_commit_message": "PR_TITLE",
        "merge_commit_title": "MERGE_MESSAGE",
        "merges_url": "https://api.github.com/repos/ForgeForce/NeoDocumentation/merges",
        "milestones_url": "https://api.github.com/repos/ForgeForce/NeoDocumentation/milestones{/number}",
        "mirror_url": null,
        "name": "NeoDocumentation",
        "node_id": "R_kgDOKAdUwQ",
        "notifications_url": "https://api.github.com/repos/ForgeForce/NeoDocumentation/notifications{?since,all,participating}",
        "open_issues": 1,
        "open_issues_count": 1,
        "owner": {
          "avatar_url": "https://avatars.githubusercontent.com/u/91919744?v=4",
          "events_url": "https://api.github.com/users/ForgeForce/events{/privacy}",
          "followers_url": "https://api.github.com/users/ForgeForce/followers",
          "following_url": "https://api.github.com/users/ForgeForce/following{/other_user}",
          "gists_url": "https://api.github.com/users/ForgeForce/gists{/gist_id}",
          "gravatar_id": "",
          "html_url": "https://github.com/ForgeForce",
          "id": 91919744,
          "login": "ForgeForce",
          "node_id": "O_kgDOBXqVgA",
          "organizations_url": "https://api.github.com/users/ForgeForce/orgs",
          "received_events_url": "https://api.github.com/users/ForgeForce/received_events",
          "repos_url": "https://api.github.com/users/ForgeForce/repos",
          "site_admin": false,
          "starred_url": "https://api.github.com/users/ForgeForce/starred{/owner}{/repo}",
          "subscriptions_url": "https://api.github.com/users/ForgeForce/subscriptions",
          "type": "Organization",
          "url": "https://api.github.com/users/ForgeForce"
        },
        "private": false,
        "pulls_url": "https://api.github.com/repos/ForgeForce/NeoDocumentation/pulls{/number}",
        "pushed_at": "2023-07-27T19:58:28Z",
        "releases_url": "https://api.github.com/repos/ForgeForce/NeoDocumentation/releases{/id}",
        "size": 1452,
        "squash_merge_commit_message": "COMMIT_MESSAGES",
        "squash_merge_commit_title": "COMMIT_OR_PR_TITLE",
        "ssh_url": "git@github.com:ForgeForce/NeoDocumentation.git",
        "stargazers_count": 0,
        "stargazers_url": "https://api.github.com/repos/ForgeForce/NeoDocumentation/stargazers",
        "statuses_url": "https://api.github.com/repos/ForgeForce/NeoDocumentation/statuses/{sha}",
        "subscribers_url": "https://api.github.com/repos/ForgeForce/NeoDocumentation/subscribers",
        "subscription_url": "https://api.github.com/repos/ForgeForce/NeoDocumentation/subscription",
        "svn_url": "https://github.com/ForgeForce/NeoDocumentation",
        "tags_url": "https://api.github.com/repos/ForgeForce/NeoDocumentation/tags",
        "teams_url": "https://api.github.com/repos/ForgeForce/NeoDocumentation/teams",
        "topics": [],
        "trees_url": "https://api.github.com/repos/ForgeForce/NeoDocumentation/git/trees{/sha}",
        "updated_at": "2023-07-27T16:11:41Z",
        "url": "https://api.github.com/repos/ForgeForce/NeoDocumentation",
        "use_squash_pr_title_as_default": false,
        "visibility": "public",
        "watchers": 0,
        "watchers_count": 0,
        "web_commit_signoff_required": false
      },
      "sha": "8e76a34c24e4704c086d5a8404cc47e6dfb64a26",
      "user": {
        "avatar_url": "https://avatars.githubusercontent.com/u/91919744?v=4",
        "events_url": "https://api.github.com/users/ForgeForce/events{/privacy}",
        "followers_url": "https://api.github.com/users/ForgeForce/followers",
        "following_url": "https://api.github.com/users/ForgeForce/following{/other_user}",
        "gists_url": "https://api.github.com/users/ForgeForce/gists{/gist_id}",
        "gravatar_id": "",
        "html_url": "https://github.com/ForgeForce",
        "id": 91919744,
        "login": "ForgeForce",
        "node_id": "O_kgDOBXqVgA",
        "organizations_url": "https://api.github.com/users/ForgeForce/orgs",
        "received_events_url": "https://api.github.com/users/ForgeForce/received_events",
        "repos_url": "https://api.github.com/users/ForgeForce/repos",
        "site_admin": false,
        "starred_url": "https://api.github.com/users/ForgeForce/starred{/owner}{/repo}",
        "subscriptions_url": "https://api.github.com/users/ForgeForce/subscriptions",
        "type": "Organization",
        "url": "https://api.github.com/users/ForgeForce"
      }
    },
    "body": null,
    "changed_files": 1,
    "closed_at": null,
    "comments": 0,
    "comments_url": "https://api.github.com/repos/ForgeForce/NeoDocumentation/issues/4/comments",
    "commits": 2,
    "commits_url": "https://api.github.com/repos/ForgeForce/NeoDocumentation/pulls/4/commits",
    "created_at": "2023-07-27T19:58:28Z",
    "deletions": 1,
    "diff_url": "https://github.com/ForgeForce/NeoDocumentation/pull/4.diff",
    "draft": false,
    "head": {
      "label": "ForgeForce:testpr",
      "ref": "testpr",
      "repo": {
        "allow_auto_merge": false,
        "allow_forking": true,
        "allow_merge_commit": true,
        "allow_rebase_merge": true,
        "allow_squash_merge": true,
        "allow_update_branch": false,
        "archive_url": "https://api.github.com/repos/ForgeForce/NeoDocumentation/{archive_format}{/ref}",
        "archived": false,
        "assignees_url": "https://api.github.com/repos/ForgeForce/NeoDocumentation/assignees{/user}",
        "blobs_url": "https://api.github.com/repos/ForgeForce/NeoDocumentation/git/blobs{/sha}",
        "branches_url": "https://api.github.com/repos/ForgeForce/NeoDocumentation/branches{/branch}",
        "clone_url": "https://github.com/ForgeForce/NeoDocumentation.git",
        "collaborators_url": "https://api.github.com/repos/ForgeForce/NeoDocumentation/collaborators{/collaborator}",
        "comments_url": "https://api.github.com/repos/ForgeForce/NeoDocumentation/comments{/number}",
        "commits_url": "https://api.github.com/repos/ForgeForce/NeoDocumentation/commits{/sha}",
        "compare_url": "https://api.github.com/repos/ForgeForce/NeoDocumentation/compare/{base}...{head}",
        "contents_url": "https://api.github.com/repos/ForgeForce/NeoDocumentation/contents/{+path}",
        "contributors_url": "https://api.github.com/repos/ForgeForce/NeoDocumentation/contributors",
        "created_at": "2023-07-27T16:06:02Z",
        "default_branch": "main",
        "delete_branch_on_merge": false,
        "deployments_url": "https://api.github.com/repos/ForgeForce/NeoDocumentation/deployments",
        "description": "The repository containing Neo's documentation",
        "disabled": false,
        "downloads_url": "https://api.github.com/repos/ForgeForce/NeoDocumentation/downloads",
        "events_url": "https://api.github.com/repos/ForgeForce/NeoDocumentation/events",
        "fork": true,
        "forks": 0,
        "forks_count": 0,
        "forks_url": "https://api.github.com/repos/ForgeForce/NeoDocumentation/forks",
        "full_name": "ForgeForce/NeoDocumentation",
        "git_commits_url": "https://api.github.com/repos/ForgeForce/NeoDocumentation/git/commits{/sha}",
        "git_refs_url": "https://api.github.com/repos/ForgeForce/NeoDocumentation/git/refs{/sha}",
        "git_tags_url": "https://api.github.com/repos/ForgeForce/NeoDocumentation/git/tags{/sha}",
        "git_url": "git://github.com/ForgeForce/NeoDocumentation.git",
        "has_discussions": false,
        "has_downloads": true,
        "has_issues": false,
        "has_pages": false,
        "has_projects": true,
        "has_wiki": false,
        "homepage": null,
        "hooks_url": "https://api.github.com/repos/ForgeForce/NeoDocumentation/hooks",
        "html_url": "https://github.com/ForgeForce/NeoDocumentation",
        "id": 671569089,
        "is_template": false,
        "issue_comment_url": "https://api.github.com/repos/ForgeForce/NeoDocumentation/issues/comments{/number}",
        "issue_events_url": "https://api.github.com/repos/ForgeForce/NeoDocumentation/issues/events{/number}",
        "issues_url": "https://api.github.com/repos/ForgeForce/NeoDocumentation/issues{/number}",
        "keys_url": "https://api.github.com/repos/ForgeForce/NeoDocumentation/keys{/key_id}",
        "labels_url": "https://api.github.com/repos/ForgeForce/NeoDocumentation/labels{/name}",
        "language": "JavaScript",
        "languages_url": "https://api.github.com/repos/ForgeForce/NeoDocumentation/languages",
        "license": {
          "key": "mit",
          "name": "MIT License",
          "node_id": "MDc6TGljZW5zZTEz",
          "spdx_id": "MIT",
          "url": "https://api.github.com/licenses/mit"
        },
        "merge_commit_message": "PR_TITLE",
        "merge_commit_title": "MERGE_MESSAGE",
        "merges_url": "https://api.github.com/repos/ForgeForce/NeoDocumentation/merges",
        "milestones_url": "https://api.github.com/repos/ForgeForce/NeoDocumentation/milestones{/number}",
        "mirror_url": null,
        "name": "NeoDocumentation",
        "node_id": "R_kgDOKAdUwQ",
        "notifications_url": "https://api.github.com/repos/ForgeForce/NeoDocumentation/notifications{?since,all,participating}",
        "open_issues": 1,
        "open_issues_count": 1,
        "owner": {
          "avatar_url": "https://avatars.githubusercontent.com/u/91919744?v=4",
          "events_url": "https://api.github.com/users/ForgeForce/events{/privacy}",
          "followers_url": "https://api.github.com/users/ForgeForce/followers",
          "following_url": "https://api.github.com/users/ForgeForce/following{/other_user}",
          "gists_url": "https://api.github.com/users/ForgeForce/gists{/gist_id}",
          "gravatar_id": "",
          "html_url": "https://github.com/ForgeForce",
          "id": 91919744,
          "login": "ForgeForce",
          "node_id": "O_kgDOBXqVgA",
          "organizations_url": "https://api.github.com/users/ForgeForce/orgs",
          "received_events_url": "https://api.github.com/users/ForgeForce/received_events",
          "repos_url": "https://api.github.com/users/ForgeForce/repos",
          "site_admin": false,
          "starred_url": "https://api.github.com/users/ForgeForce/starred{/owner}{/repo}",
          "subscriptions_url": "https://api.github.com/users/ForgeForce/subscriptions",
          "type": "Organization",
          "url": "https://api.github.com/users/ForgeForce"
        },
        "private": false,
        "pulls_url": "https://api.github.com/repos/ForgeForce/NeoDocumentation/pulls{/number}",
        "pushed_at": "2023-07-27T19:58:28Z",
        "releases_url": "https://api.github.com/repos/ForgeForce/NeoDocumentation/releases{/id}",
        "size": 1452,
        "squash_merge_commit_message": "COMMIT_MESSAGES",
        "squash_merge_commit_title": "COMMIT_OR_PR_TITLE",
        "ssh_url": "git@github.com:ForgeForce/NeoDocumentation.git",
        "stargazers_count": 0,
        "stargazers_url": "https://api.github.com/repos/ForgeForce/NeoDocumentation/stargazers",
        "statuses_url": "https://api.github.com/repos/ForgeForce/NeoDocumentation/statuses/{sha}",
        "subscribers_url": "https://api.github.com/repos/ForgeForce/NeoDocumentation/subscribers",
        "subscription_url": "https://api.github.com/repos/ForgeForce/NeoDocumentation/subscription",
        "svn_url": "https://github.com/ForgeForce/NeoDocumentation",
        "tags_url": "https://api.github.com/repos/ForgeForce/NeoDocumentation/tags",
        "teams_url": "https://api.github.com/repos/ForgeForce/NeoDocumentation/teams",
        "topics": [],
        "trees_url": "https://api.github.com/repos/ForgeForce/NeoDocumentation/git/trees{/sha}",
        "updated_at": "2023-07-27T16:11:41Z",
        "url": "https://api.github.com/repos/ForgeForce/NeoDocumentation",
        "use_squash_pr_title_as_default": false,
        "visibility": "public",
        "watchers": 0,
        "watchers_count": 0,
        "web_commit_signoff_required": false
      },
      "sha": "bfa494b18ae5fe46c1e460ea16e1cc64d23297b9",
      "user": {
        "avatar_url": "https://avatars.githubusercontent.com/u/91919744?v=4",
        "events_url": "https://api.github.com/users/ForgeForce/events{/privacy}",
        "followers_url": "https://api.github.com/users/ForgeForce/followers",
        "following_url": "https://api.github.com/users/ForgeForce/following{/other_user}",
        "gists_url": "https://api.github.com/users/ForgeForce/gists{/gist_id}",
        "gravatar_id": "",
        "html_url": "https://github.com/ForgeForce",
        "id": 91919744,
        "login": "ForgeForce",
        "node_id": "O_kgDOBXqVgA",
        "organizations_url": "https://api.github.com/users/ForgeForce/orgs",
        "received_events_url": "https://api.github.com/users/ForgeForce/received_events",
        "repos_url": "https://api.github.com/users/ForgeForce/repos",
        "site_admin": false,
        "starred_url": "https://api.github.com/users/ForgeForce/starred{/owner}{/repo}",
        "subscriptions_url": "https://api.github.com/users/ForgeForce/subscriptions",
        "type": "Organization",
        "url": "https://api.github.com/users/ForgeForce"
      }
    },
    "html_url": "https://github.com/ForgeForce/NeoDocumentation/pull/4",
    "id": 1452665806,
    "issue_url": "https://api.github.com/repos/ForgeForce/NeoDocumentation/issues/4",
    "labels": [],
    "locked": false,
    "maintainer_can_modify": false,
    "merge_commit_sha": null,
    "mergeable": null,
    "mergeable_state": "unknown",
    "merged": false,
    "merged_at": null,
    "merged_by": null,
    "milestone": null,
    "node_id": "PR_kwDOKAdUwc5WlevO",
    "number": 4,
    "patch_url": "https://github.com/ForgeForce/NeoDocumentation/pull/4.patch",
    "rebaseable": null,
    "requested_reviewers": [],
    "requested_teams": [],
    "review_comment_url": "https://api.github.com/repos/ForgeForce/NeoDocumentation/pulls/comments{/number}",
    "review_comments": 0,
    "review_comments_url": "https://api.github.com/repos/ForgeForce/NeoDocumentation/pulls/4/comments",
    "state": "open",
    "statuses_url": "https://api.github.com/repos/ForgeForce/NeoDocumentation/statuses/bfa494b18ae5fe46c1e460ea16e1cc64d23297b9",
    "title": "Testpr",
    "updated_at": "2023-07-27T19:58:28Z",
    "url": "https://api.github.com/repos/ForgeForce/NeoDocumentation/pulls/4",
    "user": {
      "avatar_url": "https://avatars.githubusercontent.com/u/65940752?v=4",
      "events_url": "https://api.github.com/users/Matyrobbrt/events{/privacy}",
      "followers_url": "https://api.github.com/users/Matyrobbrt/followers",
      "following_url": "https://api.github.com/users/Matyrobbrt/following{/other_user}",
      "gists_url": "https://api.github.com/users/Matyrobbrt/gists{/gist_id}",
      "gravatar_id": "",
      "html_url": "https://github.com/Matyrobbrt",
      "id": 65940752,
      "login": "Matyrobbrt",
      "node_id": "MDQ6VXNlcjY1OTQwNzUy",
      "organizations_url": "https://api.github.com/users/Matyrobbrt/orgs",
      "received_events_url": "https://api.github.com/users/Matyrobbrt/received_events",
      "repos_url": "https://api.github.com/users/Matyrobbrt/repos",
      "site_admin": false,
      "starred_url": "https://api.github.com/users/Matyrobbrt/starred{/owner}{/repo}",
      "subscriptions_url": "https://api.github.com/users/Matyrobbrt/subscriptions",
      "type": "User",
      "url": "https://api.github.com/users/Matyrobbrt"
    }
  },
  "repository": {
    "allow_forking": true,
    "archive_url": "https://api.github.com/repos/ForgeForce/NeoDocumentation/{archive_format}{/ref}",
    "archived": false,
    "assignees_url": "https://api.github.com/repos/ForgeForce/NeoDocumentation/assignees{/user}",
    "blobs_url": "https://api.github.com/repos/ForgeForce/NeoDocumentation/git/blobs{/sha}",
    "branches_url": "https://api.github.com/repos/ForgeForce/NeoDocumentation/branches{/branch}",
    "clone_url": "https://github.com/ForgeForce/NeoDocumentation.git",
    "collaborators_url": "https://api.github.com/repos/ForgeForce/NeoDocumentation/collaborators{/collaborator}",
    "comments_url": "https://api.github.com/repos/ForgeForce/NeoDocumentation/comments{/number}",
    "commits_url": "https://api.github.com/repos/ForgeForce/NeoDocumentation/commits{/sha}",
    "compare_url": "https://api.github.com/repos/ForgeForce/NeoDocumentation/compare/{base}...{head}",
    "contents_url": "https://api.github.com/repos/ForgeForce/NeoDocumentation/contents/{+path}",
    "contributors_url": "https://api.github.com/repos/ForgeForce/NeoDocumentation/contributors",
    "created_at": "2023-07-27T16:06:02Z",
    "default_branch": "main",
    "deployments_url": "https://api.github.com/repos/ForgeForce/NeoDocumentation/deployments",
    "description": "The repository containing Neo's documentation",
    "disabled": false,
    "downloads_url": "https://api.github.com/repos/ForgeForce/NeoDocumentation/downloads",
    "events_url": "https://api.github.com/repos/ForgeForce/NeoDocumentation/events",
    "fork": true,
    "forks": 0,
    "forks_count": 0,
    "forks_url": "https://api.github.com/repos/ForgeForce/NeoDocumentation/forks",
    "full_name": "ForgeForce/NeoDocumentation",
    "git_commits_url": "https://api.github.com/repos/ForgeForce/NeoDocumentation/git/commits{/sha}",
    "git_refs_url": "https://api.github.com/repos/ForgeForce/NeoDocumentation/git/refs{/sha}",
    "git_tags_url": "https://api.github.com/repos/ForgeForce/NeoDocumentation/git/tags{/sha}",
    "git_url": "git://github.com/ForgeForce/NeoDocumentation.git",
    "has_discussions": false,
    "has_downloads": true,
    "has_issues": false,
    "has_pages": false,
    "has_projects": true,
    "has_wiki": false,
    "homepage": null,
    "hooks_url": "https://api.github.com/repos/ForgeForce/NeoDocumentation/hooks",
    "html_url": "https://github.com/ForgeForce/NeoDocumentation",
    "id": 671569089,
    "is_template": false,
    "issue_comment_url": "https://api.github.com/repos/ForgeForce/NeoDocumentation/issues/comments{/number}",
    "issue_events_url": "https://api.github.com/repos/ForgeForce/NeoDocumentation/issues/events{/number}",
    "issues_url": "https://api.github.com/repos/ForgeForce/NeoDocumentation/issues{/number}",
    "keys_url": "https://api.github.com/repos/ForgeForce/NeoDocumentation/keys{/key_id}",
    "labels_url": "https://api.github.com/repos/ForgeForce/NeoDocumentation/labels{/name}",
    "language": "JavaScript",
    "languages_url": "https://api.github.com/repos/ForgeForce/NeoDocumentation/languages",
    "license": {
      "key": "mit",
      "name": "MIT License",
      "node_id": "MDc6TGljZW5zZTEz",
      "spdx_id": "MIT",
      "url": "https://api.github.com/licenses/mit"
    },
    "merges_url": "https://api.github.com/repos/ForgeForce/NeoDocumentation/merges",
    "milestones_url": "https://api.github.com/repos/ForgeForce/NeoDocumentation/milestones{/number}",
    "mirror_url": null,
    "name": "NeoDocumentation",
    "node_id": "R_kgDOKAdUwQ",
    "notifications_url": "https://api.github.com/repos/ForgeForce/NeoDocumentation/notifications{?since,all,participating}",
    "open_issues": 1,
    "open_issues_count": 1,
    "owner": {
      "avatar_url": "https://avatars.githubusercontent.com/u/91919744?v=4",
      "events_url": "https://api.github.com/users/ForgeForce/events{/privacy}",
      "followers_url": "https://api.github.com/users/ForgeForce/followers",
      "following_url": "https://api.github.com/users/ForgeForce/following{/other_user}",
      "gists_url": "https://api.github.com/users/ForgeForce/gists{/gist_id}",
      "gravatar_id": "",
      "html_url": "https://github.com/ForgeForce",
      "id": 91919744,
      "login": "ForgeForce",
      "node_id": "O_kgDOBXqVgA",
      "organizations_url": "https://api.github.com/users/ForgeForce/orgs",
      "received_events_url": "https://api.github.com/users/ForgeForce/received_events",
      "repos_url": "https://api.github.com/users/ForgeForce/repos",
      "site_admin": false,
      "starred_url": "https://api.github.com/users/ForgeForce/starred{/owner}{/repo}",
      "subscriptions_url": "https://api.github.com/users/ForgeForce/subscriptions",
      "type": "Organization",
      "url": "https://api.github.com/users/ForgeForce"
    },
    "private": false,
    "pulls_url": "https://api.github.com/repos/ForgeForce/NeoDocumentation/pulls{/number}",
    "pushed_at": "2023-07-27T19:58:28Z",
    "releases_url": "https://api.github.com/repos/ForgeForce/NeoDocumentation/releases{/id}",
    "size": 1452,
    "ssh_url": "git@github.com:ForgeForce/NeoDocumentation.git",
    "stargazers_count": 0,
    "stargazers_url": "https://api.github.com/repos/ForgeForce/NeoDocumentation/stargazers",
    "statuses_url": "https://api.github.com/repos/ForgeForce/NeoDocumentation/statuses/{sha}",
    "subscribers_url": "https://api.github.com/repos/ForgeForce/NeoDocumentation/subscribers",
    "subscription_url": "https://api.github.com/repos/ForgeForce/NeoDocumentation/subscription",
    "svn_url": "https://github.com/ForgeForce/NeoDocumentation",
    "tags_url": "https://api.github.com/repos/ForgeForce/NeoDocumentation/tags",
    "teams_url": "https://api.github.com/repos/ForgeForce/NeoDocumentation/teams",
    "topics": [],
    "trees_url": "https://api.github.com/repos/ForgeForce/NeoDocumentation/git/trees{/sha}",
    "updated_at": "2023-07-27T16:11:41Z",
    "url": "https://api.github.com/repos/ForgeForce/NeoDocumentation",
    "visibility": "public",
    "watchers": 0,
    "watchers_count": 0,
    "web_commit_signoff_required": false
  },
  "sender": {
    "avatar_url": "https://avatars.githubusercontent.com/u/65940752?v=4",
    "events_url": "https://api.github.com/users/Matyrobbrt/events{/privacy}",
    "followers_url": "https://api.github.com/users/Matyrobbrt/followers",
    "following_url": "https://api.github.com/users/Matyrobbrt/following{/other_user}",
    "gists_url": "https://api.github.com/users/Matyrobbrt/gists{/gist_id}",
    "gravatar_id": "",
    "html_url": "https://github.com/Matyrobbrt",
    "id": 65940752,
    "login": "Matyrobbrt",
    "node_id": "MDQ6VXNlcjY1OTQwNzUy",
    "organizations_url": "https://api.github.com/users/Matyrobbrt/orgs",
    "received_events_url": "https://api.github.com/users/Matyrobbrt/received_events",
    "repos_url": "https://api.github.com/users/Matyrobbrt/repos",
    "site_admin": false,
    "starred_url": "https://api.github.com/users/Matyrobbrt/starred{/owner}{/repo}",
    "subscriptions_url": "https://api.github.com/users/Matyrobbrt/subscriptions",
    "type": "User",
    "url": "https://api.github.com/users/Matyrobbrt"
  }
}